                  epoch,           train/box_om,           train/cls_om,           train/dfl_om,           train/box_oo,           train/cls_oo,           train/dfl_oo,   metrics/precision(B),      metrics/recall(B),       metrics/mAP50(B),    metrics/mAP50-95(B),             val/box_om,             val/cls_om,             val/dfl_om,             val/box_oo,             val/cls_oo,             val/dfl_oo,                 lr/pg0,                 lr/pg1,                 lr/pg2
                      1,                 1.9687,                 2.6867,                 2.0686,                 1.8549,                 3.5473,                 1.9091,                0.37636,                0.41603,                0.35717,                0.15809,                 1.8108,                 1.8461,                 1.7866,                 1.7782,                 2.2637,                  1.726,              0.0033071,              0.0033071,              0.0033071
                      2,                 1.7793,                 1.6888,                 1.7416,                 1.7632,                 1.9739,                 1.6905,                0.38322,                0.46571,                0.39861,                0.17436,                 1.7712,                 2.0385,                 1.6934,                 1.7732,                 2.3126,                 1.6879,              0.0066338,              0.0066338,              0.0066338
                      3,                 1.7793,                 1.6239,                 1.7022,                 1.7817,                 1.8893,                 1.6783,                0.32466,                0.34688,                0.27147,                0.10104,                 2.1685,                 3.1836,                 2.0431,                 2.1626,                 3.5079,                 2.0083,               0.009954,               0.009954,               0.009954
                      4,                 1.8061,                 1.6142,                 1.7142,                  1.817,                 1.8808,                 1.6925,                0.36512,                0.32033,                0.26177,                0.10837,                 2.0097,                 2.1954,                 1.9459,                 2.0132,                 2.5537,                 1.9424,              0.0099703,              0.0099703,              0.0099703
                      5,                 1.7549,                 1.5174,                 1.6911,                 1.7718,                 1.7636,                 1.6811,                0.47904,                0.48385,                0.46008,                0.21319,                 1.7119,                 1.8421,                 1.7013,                 1.7788,                 2.1198,                 1.7313,              0.0099703,              0.0099703,              0.0099703
                      6,                  1.731,                  1.418,                 1.6599,                 1.7538,                 1.6478,                 1.6599,                0.59835,                0.50132,                0.54218,                0.24772,                 1.6894,                 1.3774,                 1.6373,                 1.7312,                 1.5022,                 1.6674,              0.0099604,              0.0099604,              0.0099604
                      7,                 1.7027,                  1.349,                 1.6507,                 1.7372,                 1.5458,                 1.6584,                0.55347,                0.54981,                0.56561,                0.26642,                 1.6412,                 1.3838,                 1.6267,                 1.6936,                 1.4939,                 1.6588,              0.0099505,              0.0099505,              0.0099505
                      8,                 1.6751,                  1.328,                 1.6351,                 1.7122,                 1.5188,                 1.6471,                0.60964,                0.57288,                0.59587,                0.28429,                 1.6137,                 1.2788,                 1.5844,                 1.6584,                 1.3638,                 1.6076,              0.0099406,              0.0099406,              0.0099406
                      9,                  1.663,                 1.2787,                 1.6185,                 1.7046,                 1.4552,                 1.6335,                0.63255,                  0.627,                0.64403,                0.29796,                 1.6262,                 1.1372,                 1.5929,                 1.6904,                 1.1815,                 1.6448,              0.0099307,              0.0099307,              0.0099307
                     10,                 1.6407,                 1.2433,                 1.5989,                 1.6859,                 1.4116,                 1.6174,                0.64477,                0.61597,                0.64965,                0.30306,                 1.6358,                 1.1519,                 1.5867,                 1.6822,                 1.1935,                 1.6094,              0.0099208,              0.0099208,              0.0099208
                     11,                 1.6297,                 1.2213,                 1.5988,                 1.6752,                  1.381,                 1.6191,                0.66526,                0.63425,                0.68162,                0.32663,                 1.5726,                 1.1006,                 1.5573,                 1.6314,                 1.1357,                    1.6,              0.0099109,              0.0099109,              0.0099109
                     12,                  1.604,                 1.1833,                 1.5785,                 1.6486,                 1.3357,                 1.6055,                0.64168,                0.64323,                0.68076,                0.32602,                 1.5891,                 1.0801,                 1.5683,                 1.6422,                 1.1196,                 1.6012,               0.009901,               0.009901,               0.009901
                     13,                 1.5978,                 1.1473,                 1.5552,                 1.6463,                 1.2945,                 1.5814,                0.70708,                0.64786,                0.70483,                0.33415,                 1.6149,                 1.0513,                 1.5656,                 1.6608,                 1.0704,                 1.5929,              0.0098911,              0.0098911,              0.0098911
                     14,                 1.5701,                  1.125,                 1.5475,                 1.6215,                 1.2599,                 1.5733,                0.66678,                0.67395,                0.70371,                0.33609,                 1.5835,                 1.0342,                 1.5578,                 1.6283,                 1.0827,                 1.5905,              0.0098812,              0.0098812,              0.0098812
                     15,                  1.574,                  1.121,                 1.5441,                 1.6221,                 1.2611,                 1.5701,                0.67683,                0.67821,                0.71225,                0.34531,                 1.5645,                 1.0017,                 1.5307,                 1.6205,                 1.0241,                 1.5835,              0.0098713,              0.0098713,              0.0098713
                     16,                 1.5531,                 1.0926,                 1.5345,                 1.6055,                 1.2181,                 1.5735,                0.67006,                0.68572,                0.71463,                0.35323,                 1.5563,                0.99197,                 1.5182,                 1.6013,                 1.0249,                 1.5535,              0.0098614,              0.0098614,              0.0098614
                     17,                 1.5439,                 1.0776,                 1.5279,                 1.5986,                 1.2014,                 1.5635,                0.70695,                0.67983,                0.72755,                0.35934,                 1.5634,                0.98775,                 1.5373,                 1.6075,                 1.0094,                 1.5842,              0.0098515,              0.0098515,              0.0098515
                     18,                 1.5348,                 1.0719,                 1.5269,                 1.5859,                 1.1951,                 1.5643,                0.69844,                0.70098,                  0.741,                0.36911,                 1.5492,                0.95492,                  1.515,                 1.5843,                0.98389,                 1.5548,              0.0098416,              0.0098416,              0.0098416
                     19,                 1.5266,                 1.0386,                 1.5093,                 1.5815,                 1.1528,                 1.5478,                0.70357,                0.68682,                0.73534,                0.35262,                 1.5763,                0.95872,                 1.5192,                 1.6358,                0.97794,                 1.5774,              0.0098317,              0.0098317,              0.0098317
                     20,                 1.5158,                  1.028,                 1.5001,                 1.5733,                 1.1405,                 1.5401,                0.73522,                 0.6877,                0.75085,                0.37023,                 1.5452,                0.94542,                 1.5173,                 1.5913,                0.96477,                 1.5569,              0.0098218,              0.0098218,              0.0098218
                     21,                 1.5074,                 1.0089,                 1.5033,                 1.5632,                  1.119,                 1.5395,                0.72236,                0.67755,                0.74558,                0.37083,                 1.5422,                0.93901,                 1.5212,                 1.5928,                0.95503,                 1.5677,              0.0098119,              0.0098119,              0.0098119
                     22,                 1.4941,                 1.0054,                 1.4838,                 1.5515,                 1.1147,                 1.5261,                0.70761,                0.72092,                0.75501,                0.37953,                 1.5366,                0.92692,                 1.5039,                 1.5741,                0.97446,                  1.538,               0.009802,               0.009802,               0.009802
                     23,                 1.5024,                 1.0143,                 1.4902,                 1.5557,                 1.1203,                 1.5294,                  0.736,                0.71253,                0.76181,                0.38181,                 1.5486,                0.92105,                 1.5145,                 1.5901,                0.93066,                 1.5528,              0.0097921,              0.0097921,              0.0097921
                     24,                 1.4905,                0.98324,                 1.4887,                 1.5431,                 1.0854,                 1.5288,                0.71731,                0.71039,                0.75445,                0.38219,                 1.5308,                0.92403,                 1.5021,                 1.5752,                0.94423,                  1.542,              0.0097822,              0.0097822,              0.0097822
                     25,                  1.496,                 0.9797,                 1.4808,                  1.551,                 1.0833,                 1.5219,                0.70676,                0.72554,                0.75788,                0.37851,                 1.5493,                0.91378,                 1.5223,                 1.5947,                0.93811,                 1.5647,              0.0097723,              0.0097723,              0.0097723
                     26,                 1.4719,                0.95814,                 1.4674,                 1.5311,                 1.0592,                   1.51,                0.72578,                0.72091,                0.76142,                0.38513,                 1.5316,                0.91665,                 1.5246,                 1.5729,                0.95047,                 1.5648,              0.0097624,              0.0097624,              0.0097624
                     27,                 1.4798,                0.96837,                  1.478,                 1.5352,                 1.0643,                 1.5163,                0.72284,                0.71679,                0.75681,                0.37802,                 1.5479,                0.91984,                 1.5028,                 1.5974,                0.95073,                 1.5418,              0.0097525,              0.0097525,              0.0097525
                     28,                 1.4581,                0.94801,                 1.4595,                 1.5193,                 1.0343,                 1.5027,                0.72467,                0.71229,                0.76363,                0.38475,                 1.5263,                0.91036,                 1.5143,                  1.569,                 0.9252,                 1.5534,              0.0097426,              0.0097426,              0.0097426
                     29,                 1.4706,                0.95796,                 1.4702,                 1.5266,                 1.0589,                 1.5099,                 0.7483,                0.71299,                0.77655,                0.38811,                  1.537,                0.90043,                 1.5023,                 1.5776,                0.92849,                 1.5405,              0.0097327,              0.0097327,              0.0097327
                     30,                 1.4571,                0.94194,                 1.4633,                 1.5107,                 1.0404,                 1.4963,                0.73275,                0.72301,                0.77636,                0.39157,                 1.5231,                0.87704,                 1.4988,                 1.5795,                0.89473,                 1.5417,              0.0097228,              0.0097228,              0.0097228
                     31,                 1.4594,                0.94274,                 1.4692,                 1.5117,                 1.0409,                  1.505,                0.73031,                 0.7062,                 0.7595,                0.37946,                 1.5398,                0.89478,                 1.5105,                 1.5781,                0.92637,                 1.5529,              0.0097129,              0.0097129,              0.0097129
                     32,                   1.44,                 0.9214,                 1.4487,                 1.4964,                 1.0139,                 1.4928,                0.73138,                0.73074,                0.77284,                0.38647,                  1.538,                0.87924,                 1.5125,                  1.583,                0.90785,                 1.5567,               0.009703,               0.009703,               0.009703
                     33,                 1.4385,                0.91115,                 1.4487,                 1.4929,                 1.0001,                 1.4948,                0.75252,                0.71126,                0.77335,                0.38706,                 1.5292,                0.87541,                 1.5113,                 1.5677,                0.91241,                 1.5485,              0.0096931,              0.0096931,              0.0096931
                     34,                  1.433,                0.90304,                 1.4403,                 1.4938,                0.99004,                 1.4849,                0.74161,                0.70935,                0.76974,                0.38656,                 1.5397,                0.88357,                 1.5026,                 1.5799,                0.91211,                 1.5374,              0.0096832,              0.0096832,              0.0096832
                     35,                 1.4333,                 0.8957,                 1.4413,                 1.4892,                0.96882,                 1.4791,                0.75752,                0.72219,                0.77476,                0.39361,                  1.527,                0.87485,                 1.5048,                  1.575,                0.89851,                 1.5478,              0.0096733,              0.0096733,              0.0096733
                     36,                 1.4292,                0.89457,                 1.4372,                 1.4847,                0.97757,                  1.476,                0.72797,                0.72602,                0.76515,                0.38993,                 1.5489,                0.87171,                 1.5271,                 1.5841,                0.91562,                 1.5578,              0.0096634,              0.0096634,              0.0096634
                     37,                 1.4246,                0.88686,                 1.4429,                 1.4814,                0.96631,                 1.4808,                0.71514,                0.74639,                0.77217,                 0.3924,                 1.5347,                0.86913,                 1.5142,                 1.5709,                0.90364,                 1.5405,              0.0096535,              0.0096535,              0.0096535
                     38,                 1.4148,                0.88537,                   1.44,                 1.4737,                0.97269,                 1.4722,                0.73782,                0.73773,                0.77727,                0.39313,                 1.5317,                0.85892,                 1.5164,                 1.5749,                 0.8883,                 1.5412,              0.0096436,              0.0096436,              0.0096436
                     39,                 1.4066,                 0.8703,                 1.4268,                 1.4656,                0.94392,                 1.4681,                0.73625,                 0.7211,                0.77146,                0.39225,                 1.5408,                0.85148,                 1.5061,                 1.5827,                0.90086,                 1.5457,              0.0096337,              0.0096337,              0.0096337
                     40,                 1.4271,                0.87838,                  1.434,                 1.4835,                0.95822,                 1.4699,                0.74617,                0.74832,                 0.7803,                0.39732,                 1.5296,                0.85684,                 1.5016,                 1.5648,                0.88576,                 1.5332,              0.0096238,              0.0096238,              0.0096238
                     41,                 1.4156,                0.87421,                 1.4282,                 1.4682,                0.95009,                 1.4602,                0.74825,                0.73831,                0.78258,                0.39723,                 1.5348,                 0.8535,                 1.5101,                 1.5712,                 0.8911,                 1.5382,              0.0096139,              0.0096139,              0.0096139
                     42,                 1.4101,                0.87027,                 1.4364,                 1.4667,                0.94456,                 1.4784,                 0.7482,                0.73688,                 0.7849,                0.39764,                 1.5352,                0.85067,                 1.5157,                 1.5788,                0.88086,                 1.5575,               0.009604,               0.009604,               0.009604
                     43,                 1.4048,                0.86867,                 1.4269,                   1.46,                0.94851,                 1.4656,                0.75358,                 0.7273,                0.78275,                0.39832,                  1.534,                0.85236,                 1.5128,                 1.5769,                0.88591,                 1.5552,              0.0095941,              0.0095941,              0.0095941
                     44,                 1.3998,                0.85448,                 1.4212,                 1.4604,                0.92852,                 1.4592,                0.76727,                0.72995,                0.78715,                0.39861,                 1.5404,                0.84056,                 1.5206,                  1.576,                0.88476,                 1.5452,              0.0095842,              0.0095842,              0.0095842
                     45,                 1.3897,                 0.8562,                 1.4155,                 1.4433,                 0.9283,                 1.4532,                 0.7353,                0.75755,                0.79223,                0.40665,                  1.522,                0.82881,                  1.499,                 1.5571,                0.86051,                 1.5306,              0.0095743,              0.0095743,              0.0095743
                     46,                 1.3927,                0.84844,                 1.4168,                 1.4493,                0.92361,                 1.4528,                0.75254,                0.75089,                0.78911,                0.39746,                 1.5344,                0.83316,                 1.5039,                 1.5724,                0.85991,                 1.5314,              0.0095644,              0.0095644,              0.0095644
                     47,                 1.3969,                0.85001,                 1.4139,                 1.4534,                0.91778,                 1.4498,                0.74819,                0.74846,                0.79388,                0.40115,                 1.5267,                0.83359,                  1.518,                  1.561,                0.86875,                 1.5442,              0.0095545,              0.0095545,              0.0095545
                     48,                 1.3833,                 0.8381,                 1.4199,                  1.437,                0.91152,                 1.4574,                0.74247,                0.76792,                0.79651,                0.40403,                 1.5355,                0.83748,                 1.5123,                 1.5711,                0.85643,                 1.5402,              0.0095446,              0.0095446,              0.0095446
                     49,                 1.3883,                0.84024,                 1.4184,                 1.4446,                0.91217,                 1.4547,                 0.7532,                0.73955,                0.77987,                0.39875,                 1.5421,                0.82762,                 1.5131,                 1.5695,                0.86959,                 1.5376,              0.0095347,              0.0095347,              0.0095347
                     50,                 1.3672,                 0.8218,                 1.3905,                 1.4216,                0.89145,                 1.4225,                0.75731,                0.74709,                 0.7924,                0.40244,                  1.536,                 0.8385,                 1.5047,                 1.5673,                0.87437,                 1.5258,              0.0095248,              0.0095248,              0.0095248
                     51,                 1.3782,                0.82663,                 1.4034,                 1.4332,                0.89874,                 1.4321,                0.76092,                0.73816,                0.79157,                0.40569,                 1.5253,                0.84313,                 1.5059,                 1.5565,                0.88807,                 1.5232,              0.0095149,              0.0095149,              0.0095149
                     52,                 1.3868,                0.82784,                 1.4099,                 1.4385,                0.90068,                 1.4376,                0.75066,                0.74005,                0.78097,                0.40114,                 1.5453,                 0.8367,                 1.5119,                 1.5764,                0.88287,                 1.5236,               0.009505,               0.009505,               0.009505
                     53,                 1.3653,                0.81614,                 1.3979,                 1.4187,                0.89005,                 1.4249,                0.74895,                0.75051,                0.78397,                0.40024,                 1.5355,                0.83653,                 1.5148,                 1.5722,                0.88663,                 1.5363,              0.0094951,              0.0094951,              0.0094951
                     54,                 1.3671,                0.81555,                 1.3955,                  1.424,                0.88684,                 1.4257,                0.76573,                0.73851,                0.79114,                0.40648,                  1.535,                0.82979,                  1.509,                 1.5613,                0.89546,                 1.5272,              0.0094852,              0.0094852,              0.0094852
                     55,                 1.3614,                0.81636,                 1.3997,                 1.4184,                0.88304,                 1.4354,                0.77629,                0.74627,                0.79716,                0.40244,                 1.5416,                0.83986,                 1.5247,                 1.5674,                0.89736,                 1.5469,              0.0094753,              0.0094753,              0.0094753
                     56,                 1.3575,                0.81105,                 1.4014,                  1.414,                0.88404,                 1.4356,                0.76347,                0.74212,                0.78746,                0.40233,                 1.5347,                0.83644,                 1.5169,                 1.5669,                0.89844,                 1.5406,              0.0094654,              0.0094654,              0.0094654
                     57,                 1.3706,                0.81755,                 1.3988,                 1.4214,                0.89461,                 1.4308,                0.76147,                 0.7426,                0.78969,                0.40454,                 1.5374,                0.83054,                 1.5042,                 1.5652,                 0.8777,                 1.5226,              0.0094555,              0.0094555,              0.0094555
                     58,                 1.3426,                0.79472,                 1.3829,                 1.3969,                0.85436,                 1.4169,                0.75593,                0.75458,                0.79429,                0.40466,                 1.5362,                  0.825,                 1.5106,                 1.5653,                0.88044,                 1.5288,              0.0094456,              0.0094456,              0.0094456
                     59,                 1.3499,                 0.7951,                 1.3842,                 1.4046,                0.85903,                 1.4138,                0.76141,                 0.7362,                0.79391,                 0.4082,                 1.5355,                0.82009,                 1.5094,                 1.5666,                0.86872,                 1.5266,              0.0094357,              0.0094357,              0.0094357
                     60,                 1.3412,                 0.7986,                 1.3856,                 1.4017,                 0.8631,                 1.4158,                0.76856,                0.74922,                 0.7981,                0.41101,                 1.5387,                0.80775,                 1.5075,                  1.563,                0.87208,                 1.5203,              0.0094258,              0.0094258,              0.0094258
                     61,                 1.3508,                0.80121,                 1.3917,                 1.4076,                0.86897,                 1.4269,                0.76542,                0.75163,                0.79468,                0.40504,                 1.5415,                0.81937,                 1.5272,                 1.5643,                0.87948,                 1.5498,              0.0094159,              0.0094159,              0.0094159
                     62,                 1.3438,                0.78725,                 1.3874,                 1.3967,                0.85782,                 1.4217,                0.73909,                0.76725,                0.79053,                0.40461,                 1.5337,                0.82299,                 1.5214,                 1.5613,                0.88672,                 1.5415,               0.009406,               0.009406,               0.009406
                     63,                 1.3524,                0.79219,                  1.392,                 1.4062,                 0.8615,                 1.4225,                0.76533,                0.75802,                0.79974,                 0.4115,                 1.5368,                0.81395,                 1.5144,                  1.562,                0.87105,                 1.5268,              0.0093961,              0.0093961,              0.0093961
                     64,                  1.327,                0.78197,                 1.3823,                 1.3821,                0.84714,                 1.4163,                0.76327,                0.75518,                 0.7916,                0.40754,                  1.535,                0.81929,                 1.5308,                 1.5623,                0.87932,                 1.5431,              0.0093862,              0.0093862,              0.0093862
                     65,                 1.3427,                0.79414,                 1.3879,                 1.3977,                0.86454,                 1.4202,                 0.7654,                0.74776,                0.79055,                0.40625,                  1.536,                 0.8343,                 1.5177,                 1.5633,                0.88789,                 1.5368,              0.0093763,              0.0093763,              0.0093763
                     66,                 1.3282,                0.78364,                  1.376,                 1.3786,                0.85627,                 1.4062,                0.73923,                0.76494,                0.78874,                 0.4039,                 1.5444,                0.81891,                 1.5252,                 1.5714,                0.87523,                 1.5382,              0.0093664,              0.0093664,              0.0093664
                     67,                 1.3381,                0.78238,                 1.3725,                 1.3894,                0.85654,                 1.4043,                0.75307,                0.76632,                   0.79,                0.40616,                 1.5465,                0.81396,                 1.5232,                 1.5725,                0.87647,                  1.538,              0.0093565,              0.0093565,              0.0093565
                     68,                 1.3314,                0.77934,                 1.3764,                 1.3847,                0.84543,                 1.4124,                0.75675,                0.76816,                0.79528,                0.40787,                 1.5464,                0.81611,                 1.5311,                 1.5704,                0.87596,                 1.5488,              0.0093466,              0.0093466,              0.0093466
                     69,                 1.3324,                0.77013,                 1.3647,                 1.3864,                0.83158,                 1.3989,                0.76083,                0.75392,                0.79509,                0.40755,                  1.546,                0.81851,                 1.5232,                 1.5708,                0.87819,                 1.5382,              0.0093367,              0.0093367,              0.0093367
                     70,                 1.3294,                0.77534,                 1.3768,                 1.3811,                0.83684,                 1.4095,                0.76436,                0.75052,                 0.7981,                0.40425,                 1.5463,                0.81758,                 1.5309,                 1.5651,                0.88492,                 1.5451,              0.0093268,              0.0093268,              0.0093268
                     71,                  1.331,                0.77867,                 1.3765,                 1.3857,                0.84528,                 1.4126,                 0.7578,                0.76265,                0.79455,                0.40716,                 1.5436,                0.81941,                 1.5341,                 1.5619,                0.89643,                 1.5509,              0.0093169,              0.0093169,              0.0093169
                     72,                 1.3202,                0.76984,                  1.375,                 1.3734,                0.83355,                 1.4076,                0.76905,                 0.7527,                0.79733,                 0.4096,                  1.539,                0.82025,                 1.5326,                 1.5613,                0.89609,                 1.5503,               0.009307,               0.009307,               0.009307
                     73,                 1.3108,                0.75856,                 1.3677,                 1.3653,                0.82329,                 1.4014,                0.75785,                0.76003,                0.79588,                0.40993,                 1.5422,                0.82056,                 1.5309,                 1.5683,                 0.9002,                 1.5487,              0.0092971,              0.0092971,              0.0092971
                     74,                 1.3225,                0.77053,                 1.3661,                 1.3768,                0.83622,                 1.4036,                0.76663,                0.75836,                0.80406,                0.41186,                 1.5464,                 0.8202,                 1.5316,                 1.5713,                0.89228,                 1.5519,              0.0092872,              0.0092872,              0.0092872
                     75,                 1.3195,                0.75292,                 1.3661,                  1.374,                0.80977,                  1.406,                0.78092,                0.74944,                 0.8009,                0.40857,                 1.5397,                0.81549,                  1.528,                 1.5693,                 0.8758,                 1.5546,              0.0092773,              0.0092773,              0.0092773
                     76,                  1.317,                 0.7634,                 1.3648,                 1.3751,                0.81807,                 1.4031,                 0.7658,                0.75664,                0.79397,                0.40659,                 1.5472,                 0.8247,                 1.5326,                 1.5784,                0.88481,                   1.56,              0.0092674,              0.0092674,              0.0092674
                     77,                 1.3001,                0.74332,                 1.3559,                 1.3554,                0.79582,                 1.3925,                0.76755,                0.75682,                0.79018,                0.40435,                   1.55,                0.82511,                 1.5355,                 1.5789,                0.89005,                 1.5593,              0.0092575,              0.0092575,              0.0092575
                     78,                 1.3181,                0.76524,                 1.3621,                 1.3726,                0.82735,                 1.4002,                0.75065,                 0.7677,                0.79498,                0.40712,                 1.5455,                0.82105,                 1.5355,                 1.5696,                0.88575,                 1.5571,              0.0092476,              0.0092476,              0.0092476
                     79,                 1.3135,                0.75895,                 1.3707,                 1.3691,                0.81751,                 1.4072,                0.77083,                0.75629,                0.79352,                 0.4085,                  1.545,                0.81944,                 1.5404,                 1.5663,                0.89721,                 1.5608,              0.0092377,              0.0092377,              0.0092377
                     80,                 1.3115,                0.75325,                 1.3713,                 1.3675,                0.81137,                 1.4086,                0.73796,                0.78827,                0.79421,                0.40654,                 1.5459,                0.81889,                 1.5436,                 1.5703,                  0.882,                 1.5653,              0.0092278,              0.0092278,              0.0092278
                     81,                 1.2951,                 0.7396,                 1.3484,                 1.3513,                0.79808,                 1.3839,                0.76332,                0.76449,                0.79269,                0.40877,                 1.5435,                0.81548,                  1.535,                 1.5645,                0.87899,                 1.5558,              0.0092179,              0.0092179,              0.0092179
                     82,                  1.305,                0.75492,                 1.3561,                 1.3606,                0.81052,                 1.3924,                0.77188,                0.75766,                0.79451,                0.40798,                 1.5451,                0.81488,                 1.5355,                  1.572,                0.88168,                 1.5552,               0.009208,               0.009208,               0.009208
                     83,                  1.301,                0.74875,                 1.3615,                 1.3538,                0.80739,                 1.3944,                0.77452,                0.75772,                0.79334,                0.40825,                 1.5454,                0.81476,                 1.5393,                 1.5717,                0.88028,                 1.5555,              0.0091981,              0.0091981,              0.0091981
                     84,                  1.303,                0.74191,                 1.3565,                 1.3565,                0.79939,                 1.3911,                0.76235,                0.76661,                 0.7942,                0.40801,                 1.5468,                0.81374,                 1.5412,                 1.5737,                0.88089,                 1.5599,              0.0091882,              0.0091882,              0.0091882
                     85,                 1.3019,                0.74397,                 1.3598,                 1.3565,                0.79852,                 1.3947,                0.77308,                0.74968,                0.79465,                 0.4072,                 1.5419,                0.82088,                 1.5378,                 1.5699,                0.88887,                 1.5581,              0.0091783,              0.0091783,              0.0091783
                     86,                 1.2952,                0.73284,                 1.3549,                 1.3491,                 0.7881,                 1.3876,                0.77763,                0.74342,                0.79243,                0.40502,                 1.5467,                0.81919,                 1.5409,                 1.5736,                0.88663,                 1.5606,              0.0091684,              0.0091684,              0.0091684
                     87,                 1.2936,                0.73676,                 1.3475,                 1.3472,                0.79403,                 1.3826,                0.76374,                0.75872,                   0.79,                0.40403,                  1.546,                0.82222,                 1.5401,                 1.5744,                0.88533,                 1.5586,              0.0091585,              0.0091585,              0.0091585
                     88,                  1.288,                0.72373,                 1.3356,                 1.3422,                0.78021,                 1.3696,                 0.7764,                0.74957,                 0.7918,                0.40538,                 1.5477,                0.82489,                 1.5375,                  1.573,                 0.8901,                 1.5568,              0.0091486,              0.0091486,              0.0091486
                     89,                 1.2883,                0.72749,                 1.3372,                 1.3468,                  0.778,                 1.3746,                0.75592,                0.77067,                 0.7942,                0.40669,                 1.5477,                0.82601,                 1.5344,                 1.5704,                0.89254,                  1.551,              0.0091387,              0.0091387,              0.0091387
                     90,                 1.2899,                0.73364,                  1.347,                 1.3412,                0.78612,                  1.383,                 0.7517,                0.77116,                 0.7952,                0.40743,                  1.546,                0.82246,                 1.5336,                 1.5682,                0.89686,                 1.5495,              0.0091288,              0.0091288,              0.0091288
                     91,                 1.2911,                0.73659,                 1.3462,                 1.3463,                0.79043,                 1.3819,                0.74389,                0.77576,                0.79707,                0.40719,                 1.5475,                0.82136,                 1.5388,                 1.5695,                0.89406,                 1.5542,              0.0091189,              0.0091189,              0.0091189
                     92,                 1.2785,                0.73159,                 1.3408,                 1.3316,                0.78556,                 1.3783,                0.76441,                 0.7639,                 0.7973,                0.40708,                 1.5464,                  0.821,                 1.5393,                 1.5679,                0.89568,                  1.557,               0.009109,               0.009109,               0.009109
                     93,                 1.2788,                0.72159,                  1.342,                 1.3319,                0.77433,                 1.3773,                0.76758,                 0.7569,                 0.7959,                0.40786,                 1.5437,                0.82302,                  1.539,                 1.5679,                0.89509,                 1.5577,              0.0090991,              0.0090991,              0.0090991
                     94,                 1.2787,                 0.7146,                 1.3334,                 1.3331,                0.76836,                 1.3671,                0.77248,                0.76016,                0.79889,                0.40877,                 1.5424,                  0.823,                 1.5361,                 1.5656,                 0.9082,                 1.5538,              0.0090892,              0.0090892,              0.0090892
                     95,                 1.2748,                0.71356,                 1.3303,                 1.3268,                 0.7637,                 1.3639,                0.74976,                0.78211,                 0.7966,                0.40668,                 1.5445,                0.82447,                 1.5375,                  1.571,                0.90556,                 1.5538,              0.0090793,              0.0090793,              0.0090793
                     96,                 1.2637,                0.71265,                 1.3257,                 1.3168,                0.76439,                 1.3594,                0.76733,                0.75345,                0.79349,                0.40491,                 1.5474,                0.82453,                 1.5376,                 1.5731,                0.90764,                  1.553,              0.0090694,              0.0090694,              0.0090694
                     97,                 1.2807,                0.71665,                 1.3374,                 1.3347,                 0.7653,                 1.3767,                0.74823,                0.77583,                0.79127,                0.40467,                 1.5487,                0.82416,                 1.5411,                 1.5748,                0.90301,                 1.5601,              0.0090595,              0.0090595,              0.0090595
                     98,                 1.2782,                0.72755,                 1.3386,                 1.3333,                 0.7835,                  1.377,                0.74153,                0.78797,                0.79294,                0.40385,                 1.5481,                0.82427,                 1.5429,                 1.5737,                0.90276,                 1.5624,              0.0090496,              0.0090496,              0.0090496
                     99,                 1.2575,                0.70724,                 1.3319,                 1.3138,                0.75471,                  1.372,                0.76351,                0.76137,                0.79288,                0.40525,                 1.5473,                0.82364,                 1.5458,                  1.571,                0.90745,                 1.5664,              0.0090397,              0.0090397,              0.0090397
                    100,                 1.2721,                0.71317,                 1.3302,                 1.3264,                0.76253,                 1.3664,                0.75652,                0.76784,                0.79175,                0.40468,                 1.5495,                0.82354,                  1.549,                 1.5755,                0.90142,                 1.5697,              0.0090298,              0.0090298,              0.0090298
                    101,                 1.2705,                0.71636,                 1.3349,                 1.3228,                0.76766,                 1.3708,                 0.7583,                0.76439,                0.79599,                0.40533,                 1.5515,                0.82284,                 1.5496,                 1.5778,                0.90316,                 1.5689,              0.0090199,              0.0090199,              0.0090199
                    102,                  1.273,                0.71383,                 1.3324,                 1.3265,                0.76751,                 1.3686,                 0.7484,                0.77298,                0.79305,                0.40471,                 1.5522,                0.82229,                 1.5481,                 1.5764,                0.90449,                 1.5662,                0.00901,                0.00901,                0.00901
                    103,                 1.2772,                0.71071,                 1.3323,                 1.3311,                0.75529,                  1.372,                0.77691,                0.75429,                0.79623,                 0.4052,                 1.5518,                0.82324,                 1.5468,                 1.5782,                 0.8944,                 1.5671,              0.0090001,              0.0090001,              0.0090001
                    104,                 1.2671,                0.70453,                 1.3328,                  1.322,                0.76094,                 1.3723,                0.77127,                0.75774,                0.79439,                 0.4041,                 1.5533,                0.82332,                 1.5491,                 1.5773,                0.90011,                  1.569,              0.0089902,              0.0089902,              0.0089902
                    105,                 1.2615,                0.70389,                  1.328,                 1.3142,                0.75414,                 1.3629,                0.74961,                0.77224,                0.79173,                0.40353,                 1.5538,                0.82404,                 1.5493,                 1.5786,                0.90183,                 1.5685,              0.0089803,              0.0089803,              0.0089803
                    106,                 1.2658,                0.70726,                 1.3293,                 1.3173,                0.75969,                 1.3631,                0.75431,                0.77113,                0.79405,                0.40382,                 1.5556,                 0.8246,                 1.5516,                 1.5775,                0.90448,                 1.5661,              0.0089704,              0.0089704,              0.0089704
                    107,                 1.2684,                0.71051,                 1.3326,                 1.3194,                 0.7613,                 1.3682,                0.77666,                   0.75,                0.79188,                0.40318,                 1.5571,                0.82298,                 1.5543,                 1.5788,                0.90705,                 1.5675,              0.0089605,              0.0089605,              0.0089605
                    108,                  1.257,                0.70231,                 1.3298,                 1.3094,                0.75203,                 1.3637,                0.76757,                0.75618,                0.79051,                0.40321,                 1.5583,                0.82445,                 1.5565,                 1.5803,                0.90474,                 1.5698,              0.0089506,              0.0089506,              0.0089506
                    109,                 1.2605,                0.70376,                 1.3309,                 1.3127,                 0.7537,                 1.3666,                0.76659,                0.75522,                0.79175,                0.40332,                 1.5573,                0.82519,                 1.5552,                 1.5808,                0.90335,                 1.5702,              0.0089407,              0.0089407,              0.0089407
                    110,                 1.2585,                 0.7024,                 1.3272,                 1.3107,                0.76045,                 1.3588,                0.75828,                0.76304,                0.79023,                0.40098,                 1.5578,                 0.8262,                 1.5546,                 1.5832,                0.90156,                 1.5707,              0.0089308,              0.0089308,              0.0089308
                    111,                 1.2651,                0.70383,                 1.3299,                 1.3179,                0.75648,                 1.3624,                0.76023,                0.76672,                0.79329,                0.40221,                 1.5575,                0.82581,                 1.5547,                 1.5822,                0.90573,                   1.57,              0.0089209,              0.0089209,              0.0089209
                    112,                 1.2593,                0.70352,                 1.3256,                 1.3136,                0.75721,                 1.3616,                0.76087,                0.76945,                0.79488,                0.40237,                 1.5581,                0.82663,                 1.5555,                 1.5834,                0.90274,                 1.5714,               0.008911,               0.008911,               0.008911
                    113,                 1.2526,                0.69347,                 1.3125,                 1.3065,                0.74389,                 1.3449,                0.76121,                0.77217,                 0.7953,                0.40201,                 1.5589,                0.82596,                 1.5561,                 1.5844,                0.89968,                 1.5715,              0.0089011,              0.0089011,              0.0089011
                    114,                 1.2457,                0.69532,                 1.3212,                 1.2974,                0.74212,                 1.3565,                0.76622,                0.76466,                0.79562,                0.40191,                 1.5585,                0.82578,                  1.557,                 1.5833,                0.90338,                 1.5727,              0.0088912,              0.0088912,              0.0088912
                    115,                 1.2611,                0.70681,                 1.3271,                 1.3152,                0.75414,                 1.3622,                0.76703,                0.77183,                0.79488,                0.40199,                  1.558,                0.82505,                  1.558,                 1.5822,                0.89942,                 1.5733,              0.0088813,              0.0088813,              0.0088813
                    116,                  1.251,                0.69085,                 1.3211,                 1.3017,                0.73807,                 1.3555,                0.76435,                0.76899,                0.79414,                0.40285,                 1.5573,                0.82587,                 1.5569,                 1.5826,                0.90211,                 1.5746,              0.0088714,              0.0088714,              0.0088714
                    117,                 1.2449,                0.68395,                 1.3166,                 1.2945,                0.73007,                 1.3524,                0.77098,                0.76753,                0.79419,                0.40366,                 1.5581,                0.82498,                 1.5583,                 1.5825,                0.90301,                 1.5753,              0.0088615,              0.0088615,              0.0088615
                    118,                 1.2366,                0.68879,                 1.3131,                 1.2897,                0.73791,                  1.345,                0.76285,                0.76774,                0.79308,                0.40402,                 1.5586,                0.82662,                 1.5584,                 1.5816,                0.90161,                 1.5759,              0.0088516,              0.0088516,              0.0088516
                    119,                 1.2601,                0.69966,                 1.3262,                 1.3127,                0.75323,                 1.3628,                0.77873,                0.75833,                0.79409,                0.40462,                 1.5578,                0.82731,                 1.5576,                 1.5819,                0.90138,                 1.5749,              0.0088417,              0.0088417,              0.0088417
                    120,                 1.2333,                0.68911,                 1.3005,                 1.2862,                0.73579,                 1.3338,                0.77274,                   0.77,                0.79629,                0.40522,                 1.5582,                0.82756,                 1.5568,                 1.5817,                0.90326,                 1.5733,              0.0088318,              0.0088318,              0.0088318
                    121,                 1.2311,                0.68137,                 1.3034,                 1.2855,                0.72814,                 1.3378,                0.77033,                0.77011,                0.79297,                0.40425,                  1.559,                0.82702,                 1.5571,                 1.5831,                0.90544,                 1.5738,              0.0088219,              0.0088219,              0.0088219
                    122,                 1.2425,                0.68842,                  1.314,                 1.2968,                0.73285,                 1.3521,                0.76833,                0.76828,                0.79321,                0.40383,                 1.5596,                0.82748,                 1.5574,                 1.5843,                0.90515,                 1.5739,               0.008812,               0.008812,               0.008812
                    123,                 1.2407,                0.68956,                 1.3135,                 1.2942,                0.74118,                 1.3501,                0.76551,                0.76518,                0.79232,                0.40349,                 1.5602,                0.82804,                 1.5583,                 1.5833,                0.91069,                 1.5734,              0.0088021,              0.0088021,              0.0088021
                    124,                 1.2425,                0.69097,                 1.3111,                 1.2971,                0.74189,                 1.3462,                0.76298,                 0.7689,                0.79159,                0.40344,                 1.5599,                0.82867,                 1.5575,                 1.5838,                0.90755,                 1.5745,              0.0087922,              0.0087922,              0.0087922
                    125,                  1.242,                0.68833,                 1.3064,                 1.2946,                0.73875,                 1.3413,                0.75831,                0.77067,                0.79203,                0.40338,                 1.5602,                0.82918,                 1.5576,                 1.5841,                0.90782,                 1.5741,              0.0087823,              0.0087823,              0.0087823
                    126,                 1.2315,                0.68402,                 1.3003,                 1.2843,                0.73242,                 1.3369,                0.76476,                 0.7631,                0.79325,                0.40279,                 1.5612,                0.82902,                 1.5582,                 1.5839,                0.91162,                 1.5736,              0.0087724,              0.0087724,              0.0087724
                    127,                 1.2353,                0.68656,                 1.3043,                 1.2866,                0.72678,                 1.3383,                0.74774,                0.78142,                0.79401,                0.40351,                 1.5605,                0.82943,                 1.5571,                 1.5842,                0.91131,                  1.574,              0.0087625,              0.0087625,              0.0087625
                    128,                 1.2429,                0.68271,                 1.3095,                 1.2966,                0.72992,                 1.3426,                0.77105,                0.75703,                0.79505,                0.40277,                 1.5611,                0.83012,                 1.5575,                 1.5842,                0.91308,                 1.5727,              0.0087526,              0.0087526,              0.0087526
                    129,                  1.233,                0.68266,                 1.2997,                 1.2848,                0.72984,                 1.3332,                0.76759,                0.75974,                0.79663,                0.40353,                 1.5614,                0.83031,                 1.5575,                 1.5849,                0.91087,                 1.5719,              0.0087427,              0.0087427,              0.0087427
                    130,                 1.2349,                0.68607,                 1.3107,                 1.2886,                0.73029,                 1.3455,                0.76516,                 0.7615,                0.79751,                0.40392,                 1.5616,                0.83118,                 1.5578,                 1.5848,                0.91139,                 1.5715,              0.0087328,              0.0087328,              0.0087328
                    131,                 1.2378,                0.68522,                 1.3064,                 1.2901,                0.73162,                 1.3408,                0.76244,                  0.769,                 0.7967,                0.40243,                 1.5618,                0.83123,                 1.5575,                  1.585,                0.91466,                 1.5715,              0.0087229,              0.0087229,              0.0087229
                    132,                 1.2272,                0.68357,                 1.2988,                 1.2809,                0.72844,                 1.3349,                 0.7597,                0.77205,                0.79687,                0.40247,                 1.5618,                 0.8317,                 1.5574,                 1.5839,                 0.9175,                 1.5708,               0.008713,               0.008713,               0.008713
                    133,                 1.2307,                0.67673,                 1.2937,                 1.2813,                0.72467,                 1.3272,                0.76889,                0.76136,                0.79577,                0.40232,                  1.562,                0.83128,                 1.5572,                 1.5848,                0.91574,                 1.5709,              0.0087031,              0.0087031,              0.0087031
                    134,                 1.2233,                0.67642,                  1.307,                 1.2761,                0.72077,                 1.3447,                0.76903,                0.76465,                0.79596,                0.40269,                 1.5617,                0.83141,                 1.5571,                 1.5846,                0.91539,                 1.5715,              0.0086932,              0.0086932,              0.0086932
                    135,                 1.2255,                 0.6821,                 1.2983,                  1.279,                0.73147,                 1.3325,                0.76853,                0.76543,                0.79713,                0.40318,                 1.5613,                0.83144,                 1.5568,                 1.5846,                0.91399,                 1.5715,              0.0086833,              0.0086833,              0.0086833
                    136,                 1.2325,                0.68332,                 1.3098,                 1.2843,                0.72858,                 1.3436,                0.76547,                0.76732,                0.79576,                 0.4026,                 1.5612,                0.83145,                 1.5574,                 1.5853,                 0.9128,                 1.5732,              0.0086734,              0.0086734,              0.0086734
                    137,                 1.2293,                0.67643,                  1.302,                 1.2814,                 0.7224,                 1.3369,                0.76423,                0.77043,                0.79621,                0.40218,                 1.5608,                0.83052,                 1.5573,                 1.5848,                0.91357,                 1.5723,              0.0086635,              0.0086635,              0.0086635
                    138,                 1.2219,                0.66726,                 1.2961,                 1.2765,                0.70475,                 1.3296,                0.75768,                0.77424,                0.79596,                0.40206,                 1.5608,                0.83013,                 1.5575,                  1.584,                0.91394,                 1.5724,              0.0086536,              0.0086536,              0.0086536
                    139,                  1.231,                 0.6769,                 1.3021,                 1.2856,                0.71979,                 1.3369,                0.75548,                0.77365,                0.79641,                0.40215,                 1.5609,                 0.8302,                 1.5577,                 1.5835,                0.91454,                 1.5725,              0.0086437,              0.0086437,              0.0086437
                    140,                 1.2191,                0.67216,                 1.2884,                 1.2698,                0.71654,                 1.3215,                0.75453,                0.77191,                0.79546,                0.40215,                 1.5614,                0.82933,                  1.558,                 1.5844,                0.91288,                 1.5731,              0.0086338,              0.0086338,              0.0086338
                    141,                 1.2096,                0.66661,                 1.2884,                  1.261,                0.70781,                 1.3217,                0.76199,                0.76751,                 0.7938,                0.40166,                 1.5622,                 0.8292,                  1.559,                 1.5849,                 0.9133,                  1.573,              0.0086239,              0.0086239,              0.0086239
                    142,                 1.2263,                 0.6798,                 1.2944,                 1.2803,                0.72346,                 1.3279,                0.75514,                0.77284,                0.79466,                0.40151,                 1.5631,                0.82954,                 1.5594,                 1.5856,                0.91321,                 1.5733,               0.008614,               0.008614,               0.008614
                    143,                 1.2209,                0.67226,                 1.2951,                 1.2731,                0.71458,                 1.3287,                0.76485,                0.76704,                0.79405,                0.40078,                 1.5633,                0.82888,                 1.5601,                 1.5857,                0.91385,                 1.5742,              0.0086041,              0.0086041,              0.0086041
                    144,                 1.2129,                0.67165,                 1.2867,                 1.2661,                 0.7144,                 1.3182,                0.76366,                0.76545,                0.79424,                0.40118,                 1.5637,                0.82899,                 1.5604,                 1.5863,                0.91239,                 1.5748,              0.0085942,              0.0085942,              0.0085942
                    145,                 1.2101,                0.66774,                 1.2896,                 1.2613,                 0.7109,                  1.321,                0.77442,                0.75368,                0.79485,                0.40104,                 1.5638,                0.82903,                 1.5606,                 1.5868,                 0.9126,                 1.5754,              0.0085843,              0.0085843,              0.0085843
                    146,                 1.2029,                0.66279,                 1.2887,                 1.2573,                0.70361,                 1.3239,                0.77315,                0.75527,                0.79344,                0.40047,                  1.564,                0.82896,                  1.561,                 1.5861,                0.91554,                 1.5746,              0.0085744,              0.0085744,              0.0085744
                    147,                 1.2125,                 0.6672,                 1.2974,                 1.2662,                0.70695,                 1.3326,                0.77315,                0.75606,                0.79342,                0.40048,                  1.564,                0.82881,                 1.5614,                 1.5863,                0.91487,                 1.5749,              0.0085645,              0.0085645,              0.0085645
                    148,                 1.2079,                0.65945,                 1.2854,                   1.26,                0.70507,                 1.3187,                0.77259,                0.75457,                0.79271,                0.40049,                 1.5643,                0.82881,                 1.5617,                 1.5866,                0.91543,                 1.5757,              0.0085546,              0.0085546,              0.0085546
                    149,                 1.2166,                0.66757,                 1.2928,                 1.2701,                0.71536,                 1.3271,                0.78714,                0.74409,                0.79297,                0.40042,                 1.5646,                 0.8286,                 1.5622,                 1.5865,                0.91664,                 1.5762,              0.0085447,              0.0085447,              0.0085447
                    150,                 1.2166,                 0.6678,                 1.2914,                 1.2668,                0.71699,                 1.3244,                0.78332,                0.74713,                0.79362,                0.40086,                 1.5645,                0.82839,                 1.5622,                 1.5864,                0.91649,                 1.5764,              0.0085348,              0.0085348,              0.0085348
                    151,                 1.2056,                0.66178,                 1.2864,                 1.2563,                0.70079,                 1.3194,                0.77881,                0.75245,                0.79423,                0.40134,                 1.5647,                0.82782,                 1.5625,                 1.5868,                0.91525,                 1.5771,              0.0085249,              0.0085249,              0.0085249
                    152,                 1.2012,                0.65963,                 1.2824,                 1.2554,                0.69969,                 1.3178,                0.77776,                0.75392,                0.79426,                0.40033,                 1.5647,                0.82792,                 1.5624,                 1.5867,                0.91737,                 1.5769,               0.008515,               0.008515,               0.008515
                    153,                 1.2154,                0.65999,                 1.2923,                 1.2684,                0.70159,                 1.3265,                0.77724,                0.75334,                0.79399,                0.40052,                 1.5647,                0.82816,                 1.5628,                 1.5867,                0.91708,                 1.5769,              0.0085051,              0.0085051,              0.0085051
                    154,                 1.2095,                0.65991,                 1.2933,                 1.2618,                0.69944,                 1.3284,                0.77718,                0.75283,                0.79393,                 0.4011,                 1.5647,                0.82835,                 1.5628,                 1.5869,                0.91665,                 1.5769,              0.0084952,              0.0084952,              0.0084952
                    155,                  1.206,                0.65961,                 1.2852,                 1.2604,                0.69981,                   1.32,                0.77873,                  0.752,                0.79217,                0.40057,                 1.5648,                0.82811,                 1.5629,                 1.5871,                0.91578,                 1.5769,              0.0084853,              0.0084853,              0.0084853
                    156,                 1.2066,                0.66474,                 1.2886,                 1.2606,                 0.7015,                 1.3225,                 0.7807,                0.74991,                0.79069,                0.40023,                 1.5651,                0.82803,                 1.5631,                 1.5875,                0.91565,                 1.5769,              0.0084754,              0.0084754,              0.0084754
                    157,                 1.2027,                0.65671,                   1.28,                 1.2559,                0.69905,                 1.3113,                0.77523,                0.75638,                0.79203,                0.40118,                 1.5653,                0.82778,                 1.5636,                 1.5867,                0.91714,                 1.5763,              0.0084655,              0.0084655,              0.0084655
                    158,                  1.205,                0.65255,                 1.2812,                 1.2557,                 0.6962,                 1.3142,                0.78105,                0.75133,                0.79253,                0.40104,                 1.5656,                 0.8281,                 1.5638,                 1.5873,                0.91612,                 1.5762,              0.0084556,              0.0084556,              0.0084556
                    159,                 1.1894,                0.64577,                 1.2787,                 1.2398,                0.68299,                  1.314,                0.78203,                0.75547,                0.79282,                0.40163,                 1.5659,                0.82804,                 1.5642,                 1.5873,                0.91642,                 1.5764,              0.0084457,              0.0084457,              0.0084457
                    160,                 1.1945,                0.65646,                 1.2809,                 1.2451,                0.69533,                 1.3145,                0.77828,                 0.7579,                0.79338,                 0.4021,                  1.566,                0.82857,                 1.5644,                 1.5878,                0.91528,                 1.5769,              0.0084358,              0.0084358,              0.0084358
                    161,                   1.19,                0.64706,                 1.2761,                 1.2442,                0.68427,                 1.3107,                0.77941,                0.75573,                0.79239,                0.40108,                 1.5663,                0.82875,                 1.5644,                 1.5877,                0.91618,                 1.5766,              0.0084259,              0.0084259,              0.0084259
                    162,                 1.1949,                0.65192,                  1.283,                 1.2524,                0.69045,                 1.3203,                0.77659,                0.75833,                0.79205,                0.40143,                 1.5663,                0.82855,                 1.5646,                 1.5879,                0.91668,                 1.5768,               0.008416,               0.008416,               0.008416
                    163,                  1.209,                0.66072,                 1.2821,                 1.2608,                0.70551,                  1.314,                0.77381,                 0.7609,                0.79274,                0.40163,                 1.5662,                0.82857,                 1.5643,                 1.5876,                0.91894,                 1.5766,              0.0084061,              0.0084061,              0.0084061
                    164,                 1.1955,                0.65627,                 1.2664,                 1.2481,                0.69752,                 1.2997,                0.77662,                0.75845,                0.79248,                0.40162,                 1.5658,                0.82836,                 1.5635,                 1.5878,                0.91819,                 1.5769,              0.0083962,              0.0083962,              0.0083962
                    165,                 1.1928,                0.64855,                   1.27,                 1.2474,                0.68442,                 1.3045,                0.77623,                0.76055,                0.79187,                0.40141,                 1.5657,                0.82837,                 1.5633,                 1.5881,                0.91693,                 1.5771,              0.0083863,              0.0083863,              0.0083863
                    166,                 1.1908,                0.65302,                 1.2781,                 1.2432,                0.69345,                 1.3141,                0.76807,                0.76414,                0.79175,                0.40137,                 1.5656,                0.82853,                 1.5634,                 1.5873,                0.92043,                 1.5771,              0.0083764,              0.0083764,              0.0083764
                    167,                 1.1927,                0.65279,                 1.2811,                 1.2455,                0.69663,                 1.3173,                0.77655,                0.76076,                0.79097,                0.40125,                 1.5658,                0.82839,                 1.5638,                 1.5879,                0.91843,                 1.5774,              0.0083665,              0.0083665,              0.0083665
                    168,                 1.1876,                0.64814,                 1.2791,                 1.2411,                0.68805,                 1.3159,                0.77609,                0.76051,                0.79076,                0.40134,                 1.5659,                0.82874,                 1.5639,                 1.5884,                0.91726,                  1.578,              0.0083566,              0.0083566,              0.0083566
                    169,                 1.1888,                0.64461,                 1.2761,                 1.2414,                0.68425,                 1.3126,                0.77606,                0.76135,                0.79152,                0.40194,                 1.5663,                0.82873,                 1.5643,                 1.5881,                0.91789,                 1.5781,              0.0083467,              0.0083467,              0.0083467
                    170,                 1.1965,                0.65308,                 1.2782,                  1.248,                0.69215,                 1.3125,                0.77697,                0.75915,                0.79124,                 0.4018,                 1.5664,                0.82896,                 1.5641,                 1.5871,                 0.9215,                 1.5772,              0.0083368,              0.0083368,              0.0083368
                    171,                 1.2002,                0.65332,                 1.2784,                 1.2519,                0.69356,                 1.3113,                0.77553,                 0.7606,                0.79062,                0.40196,                 1.5663,                0.82863,                  1.564,                 1.5865,                0.92201,                 1.5769,              0.0083269,              0.0083269,              0.0083269
                    172,                 1.2026,                0.65061,                 1.2734,                 1.2564,                0.68536,                 1.3084,                0.77378,                0.75957,                0.78984,                0.40171,                 1.5665,                0.82829,                 1.5642,                  1.587,                0.92091,                 1.5772,               0.008317,               0.008317,               0.008317
                    173,                 1.1996,                0.65252,                 1.2794,                 1.2537,                0.69027,                 1.3154,                0.77258,                0.76039,                0.78962,                0.40153,                 1.5665,                0.82814,                 1.5642,                 1.5871,                0.92157,                 1.5775,              0.0083071,              0.0083071,              0.0083071
                    174,                 1.1864,                0.64386,                 1.2664,                 1.2369,                 0.6878,                 1.3002,                0.77108,                0.75879,                0.78972,                0.40164,                 1.5669,                0.82763,                 1.5646,                 1.5871,                0.92152,                 1.5773,              0.0082972,              0.0082972,              0.0082972
